"","seqnames","start","A","C","G","T","N","=","-","+","TotalReads"
"1","JX683720.1","76",0,0,1,0,0,0,0,0,1
"2","JX683720.1","77",0,0,0,24,0,0,0,0,24
"3","JX683720.1","78",26,0,0,0,0,0,0,0,26
"4","JX683720.1","79",0,26,0,0,0,0,0,0,26
"5","JX683720.1","80",0,27,0,0,0,0,0,0,27
"6","JX683720.1","81",42,0,4,0,0,0,0,0,46
"7","JX683720.1","82",12,1,35426,15,0,0,0,0,35454
"8","JX683720.1","83",4,35642,12,17,0,0,0,0,35675
"9","JX683720.1","84",2,7,2,35700,0,0,1,0,35711
"10","JX683720.1","85",7,15,0,36023,0,0,0,0,36045
"11","JX683720.1","86",34,9,36020,11,0,0,29,0,36074
"12","JX683720.1","87",14,2,36191,13,0,0,0,0,36220
"13","JX683720.1","88",36400,2,6,7,0,0,17,0,36415
"14","JX683720.1","89",40,0,36633,9,0,0,13,0,36682
"15","JX683720.1","90",21,5,36743,12,0,0,6,0,36781
"16","JX683720.1","91",36917,2,8,6,0,0,33,0,36933
"17","JX683720.1","92",37180,0,6,5,0,0,5,0,37191
"18","JX683720.1","93",2,14,0,37366,0,0,23,0,37382
"19","JX683720.1","94",21,2,37483,13,0,0,12,0,37519
"20","JX683720.1","95",3,38063,6,40,0,0,15,0,38112
"21","JX683720.1","96",35,6,38227,14,0,0,14,0,38282
"22","JX683720.1","97",38384,49,8,17,0,0,0,0,38458
"23","JX683720.1","98",0,38546,11,33,0,0,1,0,38590
"24","JX683720.1","99",38608,4,89,18,0,0,0,0,38719
"25","JX683720.1","100",38740,2,79,16,0,0,0,0,38837
"26","JX683720.1","101",11,93,3,38807,0,0,1,0,38914
"27","JX683720.1","102",11,87,3,38860,0,0,0,0,38961
"28","JX683720.1","103",9,38896,3,55,0,0,13,0,38963
"29","JX683720.1","104",6,38960,3,39,0,0,1,0,39008
"30","JX683720.1","105",5,39055,4,35,0,0,0,0,39099
"31","JX683720.1","106",4,39065,2,38,0,0,6,0,39109
"32","JX683720.1","107",13,87,3,39034,0,0,7,0,39137
"33","JX683720.1","108",3,39125,0,34,0,0,0,0,39162
"34","JX683720.1","109",24,102,4,39051,0,0,2,0,39181
"35","JX683720.1","110",15,98,1,39088,0,0,3,0,39202
"36","JX683720.1","111",6,39185,3,23,0,0,2,0,39217
"37","JX683720.1","112",18,84,4,39101,0,0,3,0,39207
"38","JX683720.1","113",37,3,39149,6,0,0,3,0,39195
"39","JX683720.1","114",5,97,0,39106,0,0,0,0,39208
"40","JX683720.1","115",45,8,39145,10,0,0,0,0,39208
"41","JX683720.1","116",2,39164,2,32,0,0,3,0,39200
"42","JX683720.1","117",39099,5,96,26,0,0,5,0,39226
"43","JX683720.1","118",39111,5,101,23,0,0,4,0,39240
"44","JX683720.1","119",1,39209,7,41,0,0,5,0,39258
"45","JX683720.1","120",7,39214,2,38,0,0,4,0,39261
"46","JX683720.1","121",39151,2,91,11,0,0,11,0,39255
"47","JX683720.1","122",39174,8,83,16,0,0,8,0,39281
"48","JX683720.1","123",27,2,39260,9,0,0,4,0,39298
"49","JX683720.1","124",39175,4,108,16,0,0,4,0,39303
"50","JX683720.1","125",39223,0,122,9,0,0,4,0,39354
"51","JX683720.1","126",3,50,2,39302,0,0,6,0,39357
"52","JX683720.1","127",39289,12,73,17,0,0,0,0,39391
"53","JX683720.1","128",199,0,39140,11,0,0,1,0,39350
"54","JX683720.1","129",59,7,39295,17,0,0,0,0,39378
"55","JX683720.1","130",33,3,39338,21,0,0,0,0,39395
"56","JX683720.1","131",39274,2,107,24,0,0,0,0,39407
"57","JX683720.1","132",7,67,0,39332,0,0,1,0,39406
"58","JX683720.1","133",39316,2,82,16,0,0,2,0,39416
"59","JX683720.1","134",4,39409,3,23,0,0,0,0,39439
"60","JX683720.1","135",13,80,4,39304,0,0,5,0,39401
"61","JX683720.1","136",10,61,3,39339,0,0,1,0,39413
"62","JX683720.1","137",321,12,39028,9,0,0,58,0,39370
"63","JX683720.1","138",258,4,39170,16,0,0,5,0,39448
"64","JX683720.1","139",39,5,39421,13,0,0,0,0,39478
"65","JX683720.1","140",65,5,39397,15,0,0,0,0,39482
"66","JX683720.1","141",39428,5,114,23,0,0,5,0,39570
"67","JX683720.1","142",39455,9,142,18,0,0,1,0,39624
"68","JX683720.1","143",4,39608,1,43,0,0,2,0,39656
"69","JX683720.1","144",39590,6,85,11,0,0,1,0,39692
"70","JX683720.1","145",39624,2,80,12,0,0,0,0,39718
"71","JX683720.1","146",2,39692,0,27,0,0,0,0,39721
"72","JX683720.1","147",39,82,5,39587,0,0,0,0,39713
"73","JX683720.1","148",16,39603,4,104,0,0,1,0,39727
"74","JX683720.1","149",39599,2,102,26,0,0,1,0,39729
"75","JX683720.1","150",52,2,39642,8,0,0,0,0,39704
"76","JX683720.1","151",17,71,3,39650,0,0,0,0,39741
"77","JX683720.1","152",37,3,39652,19,0,0,0,0,39711
"78","JX683720.1","153",4,39885,1,49,0,0,0,0,39939
"79","JX683720.1","154",4,39964,2,33,0,0,1,0,40003
"80","JX683720.1","155",13,46,6,39940,0,0,2,0,40005
"81","JX683720.1","156",39929,4,59,11,0,0,3,0,40003
"82","JX683720.1","157",2,39950,3,53,0,0,15,0,40008
"83","JX683720.1","158",4,39956,5,45,0,0,0,0,40010
"84","JX683720.1","159",39877,3,82,27,0,0,18,0,39989
"85","JX683720.1","160",22,3,39944,9,0,0,10,0,39978
"86","JX683720.1","161",39889,7,86,16,0,0,0,0,39998
"87","JX683720.1","162",3,53,3,39936,0,0,5,0,39995
"88","JX683720.1","163",39912,4,80,7,0,0,13,0,40003
"89","JX683720.1","164",39858,9,82,11,0,0,5,0,39960
"90","JX683720.1","165",16,43,7,39815,0,0,5,0,39881
"91","JX683720.1","166",38,5,39803,11,0,0,10,0,39857
"92","JX683720.1","167",43,4,39798,12,0,0,6,0,39857
"93","JX683720.1","168",6,67,2,39796,0,0,6,0,39871
"94","JX683720.1","169",82,3,39767,14,0,0,8,0,39866
"95","JX683720.1","170",39821,6,114,28,0,0,5,0,39969
"96","JX683720.1","171",13,72,6,39929,0,0,7,0,40020
"97","JX683720.1","172",8,56,1,40026,0,0,5,0,40091
"98","JX683720.1","173",40006,4,63,16,0,0,18,0,40089
"99","JX683720.1","174",3,111,4,39999,0,0,9,0,40117
"100","JX683720.1","175",14,63,4,39930,0,0,9,0,40011
"101","JX683720.1","176",14,39894,7,54,0,0,13,0,39969
"102","JX683720.1","177",39860,11,117,15,0,0,16,0,40003
"103","JX683720.1","178",19,3,39950,14,0,0,15,0,39986
"104","JX683720.1","179",39929,0,90,22,0,0,7,0,40041
"105","JX683720.1","180",39909,7,113,13,0,0,5,0,40042
"106","JX683720.1","181",16,66,12,39849,0,0,7,0,39943
"107","JX683720.1","182",21,68,2,39805,0,0,5,0,39896
"108","JX683720.1","183",52,3,39787,11,0,0,10,0,39853
"109","JX683720.1","184",37,6,39851,17,0,0,5,0,39911
"110","JX683720.1","185",8,40032,3,48,0,0,13,0,40091
"111","JX683720.1","186",7,40146,7,31,0,0,5,0,40191
"112","JX683720.1","187",2,40254,5,27,0,0,5,0,40288
"113","JX683720.1","188",20,77,4,40207,0,0,18,0,40308
"114","JX683720.1","189",4,63,2,40328,0,0,0,0,40397
"115","JX683720.1","190",40368,6,47,2,0,0,3,0,40423
"116","JX683720.1","191",40330,3,101,10,0,0,0,0,40444
"117","JX683720.1","192",1,81,4,40288,0,0,0,0,40374
"118","JX683720.1","193",26,2,40331,5,0,0,0,0,40364
"119","JX683720.1","194",22,83,1,40256,0,0,6,0,40362
"120","JX683720.1","195",3,64,2,40293,0,0,0,0,40362
"121","JX683720.1","196",40259,4,76,10,0,0,3,0,40349
"122","JX683720.1","197",6,40287,8,38,0,0,0,0,40339
"123","JX683720.1","198",40170,7,127,22,0,0,10,0,40326
"124","JX683720.1","199",38,4,40259,9,0,0,10,0,40310
"125","JX683720.1","200",40207,6,79,23,0,0,13,0,40315
"126","JX683720.1","201",40164,2,167,6,0,0,0,0,40339
"127","JX683720.1","202",40174,3,132,11,0,0,0,0,40320
"128","JX683720.1","203",38,0,40252,5,0,0,0,0,40295
"129","JX683720.1","204",8,40235,1,20,0,0,2,0,40264
"130","JX683720.1","205",13,83,0,40035,0,0,9,0,40131
"131","JX683720.1","206",5,98,2,40022,0,0,5,0,40127
"132","JX683720.1","207",16,104,18,39977,0,0,0,0,40115
"133","JX683720.1","208",65,2,40017,10,0,0,0,0,40094
"134","JX683720.1","209",39967,3,108,9,0,0,0,0,40087
"135","JX683720.1","210",7,76,2,39960,0,0,0,0,40045
"136","JX683720.1","211",57,0,39968,5,0,0,0,0,40030
"137","JX683720.1","212",7,39979,3,32,0,0,0,0,40021
"138","JX683720.1","213",16,66,6,39869,0,0,7,0,39957
"139","JX683720.1","214",11,66,6,39872,0,0,2,0,39955
"140","JX683720.1","215",518,12,39367,9,0,0,33,0,39906
"141","JX683720.1","216",51,13,39822,21,0,0,0,0,39907
"142","JX683720.1","217",34,4,39847,4,0,0,0,0,39889
"143","JX683720.1","218",39661,8,143,41,0,0,1,0,39853
"144","JX683720.1","219",136,1,39683,8,0,0,1,0,39828
"145","JX683720.1","220",39646,2,134,19,0,0,0,0,39801
"146","JX683720.1","221",39637,3,129,17,0,0,0,0,39786
"147","JX683720.1","222",10,53,2,39684,0,0,0,0,39749
"148","JX683720.1","223",39659,5,67,15,0,0,1,0,39746
"149","JX683720.1","224",5,39679,2,42,0,0,1,0,39728
"150","JX683720.1","225",39578,3,118,15,0,0,0,0,39714
"151","JX683720.1","226",18,4,39610,8,0,0,0,0,39640
"152","JX683720.1","227",38,72,4,39508,0,0,0,0,39622
"153","JX683720.1","228",3,39516,10,34,0,0,6,0,39563
"154","JX683720.1","229",39413,1,93,30,0,0,5,0,39537
"155","JX683720.1","230",9,39465,6,31,0,0,0,0,39511
"156","JX683720.1","231",39338,2,116,24,0,0,3,0,39480
"157","JX683720.1","232",32,8,39364,11,0,0,4,0,39415
"158","JX683720.1","233",39296,2,89,22,0,0,2,0,39409
"159","JX683720.1","234",39194,7,131,10,0,0,3,0,39342
"160","JX683720.1","235",9,39241,0,51,0,0,2,0,39301
"161","JX683720.1","236",39152,5,79,25,0,0,0,0,39261
"162","JX683720.1","237",44,3,39142,7,0,0,1,0,39196
"163","JX683720.1","238",27,4,39103,4,0,0,0,0,39138
"164","JX683720.1","239",14,39012,1,28,0,0,3,0,39055
"165","JX683720.1","240",38898,8,113,18,0,0,1,0,39037
"166","JX683720.1","241",38832,2,123,31,0,0,0,0,38988
"167","JX683720.1","242",7,44,2,38864,0,0,0,0,38917
"168","JX683720.1","243",38735,6,75,9,0,0,11,0,38825
"169","JX683720.1","244",46,2,38689,9,0,0,10,0,38746
"170","JX683720.1","245",38557,8,110,20,0,0,0,0,38695
"171","JX683720.1","246",24,4,38584,4,0,0,0,0,38616
"172","JX683720.1","247",17,1,38495,11,0,0,0,0,38524
"173","JX683720.1","248",38293,5,122,16,0,0,0,0,38436
"174","JX683720.1","249",19,72,6,37987,0,0,2,0,38084
"175","JX683720.1","250",37,3,37996,6,0,0,2,0,38042
"176","JX683720.1","251",7,55,0,37953,0,0,0,0,38015
"177","JX683720.1","252",37849,2,101,17,0,0,0,0,37969
"178","JX683720.1","253",18,55,3,37865,0,0,0,0,37941
"179","JX683720.1","254",56,8,37805,16,0,0,8,0,37885
"180","JX683720.1","255",40,7,37692,16,0,0,0,0,37755
"181","JX683720.1","256",6,37668,0,48,0,0,4,0,37722
"182","JX683720.1","257",37570,2,131,14,0,0,1,0,37717
"183","JX683720.1","258",37589,2,82,11,0,0,0,0,37684
"184","JX683720.1","259",4,37546,1,32,0,0,0,0,37583
"185","JX683720.1","260",7,76,0,37414,0,0,0,0,37497
"186","JX683720.1","261",7,37389,3,39,0,0,4,0,37438
"187","JX683720.1","262",17,87,6,37285,0,0,8,0,37395
"188","JX683720.1","263",1,49,0,37346,0,0,1,0,37396
"189","JX683720.1","264",9,114,2,37247,0,0,0,0,37372
"190","JX683720.1","265",132,4,37047,13,0,0,6,0,37196
"191","JX683720.1","266",36905,5,129,15,0,0,4,0,37054
"192","JX683720.1","267",26,4,36736,11,0,0,0,0,36777
"193","JX683720.1","268",36569,7,106,17,0,0,0,0,36699
"194","JX683720.1","269",3,36583,3,25,0,0,1,0,36614
"195","JX683720.1","270",7,36492,5,30,0,0,1,0,36534
"196","JX683720.1","271",25,86,10,36047,0,0,4,0,36168
"197","JX683720.1","272",2,36035,7,66,0,0,5,0,36110
"198","JX683720.1","273",35959,8,94,12,0,0,2,0,36073
"199","JX683720.1","274",35835,6,90,7,0,0,0,0,35938
"200","JX683720.1","275",1,52,0,35773,0,0,0,0,35826
"201","JX683720.1","276",35656,1,76,15,0,0,16,0,35748
"202","JX683720.1","277",35629,6,58,14,0,0,0,0,35707
"203","JX683720.1","278",35478,2,108,8,0,0,0,0,35596
"204","JX683720.1","279",34,3,35279,11,0,0,0,0,35327
"205","JX683720.1","280",4,35228,1,29,0,0,2,0,35262
"206","JX683720.1","281",2,35103,1,23,0,0,0,0,35129
"207","JX683720.1","282",12,74,2,34941,0,0,4,0,35029
"208","JX683720.1","283",13,73,0,34879,0,0,4,0,34965
"209","JX683720.1","284",36,3,34582,5,0,0,4,0,34626
"210","JX683720.1","285",7,70,1,34379,0,0,0,0,34457
"211","JX683720.1","286",35,1,34261,10,0,0,0,0,34307
"212","JX683720.1","287",2,57,1,34063,0,0,4,0,34123
"213","JX683720.1","288",33929,7,54,6,0,0,38,0,33996
"214","JX683720.1","289",33833,6,94,16,0,0,4,0,33949
"215","JX683720.1","290",33745,2,108,15,0,0,3,0,33870
"216","JX683720.1","291",33685,5,74,16,0,0,3,0,33780
"217","JX683720.1","292",6,58,4,33586,0,0,4,0,33654
"218","JX683720.1","293",10,49,1,33435,0,0,4,0,33495
"219","JX683720.1","294",33163,5,55,6,0,0,8,0,33229
"220","JX683720.1","295",18,98,3,32780,0,0,9,0,32899
"221","JX683720.1","296",2,32707,3,31,0,0,49,0,32743
"222","JX683720.1","297",9,32542,4,33,0,0,10,0,32588
"223","JX683720.1","298",12,32414,12,31,0,0,9,0,32469
"224","JX683720.1","299",7,32280,3,31,0,0,9,0,32321
"225","JX683720.1","300",31987,3,76,10,0,0,9,0,32076
"226","JX683720.1","301",8,51,3,31828,0,0,14,0,31890
"227","JX683720.1","302",11,28,3,31700,0,0,15,0,31742
"228","JX683720.1","303",31346,3,73,8,0,0,18,0,31430
"229","JX683720.1","304",9,62,3,31152,0,0,14,0,31226
"230","JX683720.1","305",46,1,30630,11,0,0,13,0,30688
"231","JX683720.1","306",4,30405,0,36,0,0,13,0,30445
"232","JX683720.1","307",30141,3,72,21,0,0,14,0,30237
"233","JX683720.1","308",5,48,1,29996,0,0,23,0,30050
"234","JX683720.1","309",7,34,0,29761,0,0,15,0,29802
"235","JX683720.1","310",29366,0,51,11,0,0,18,0,29428
"236","JX683720.1","311",3,29101,1,33,0,0,15,0,29138
"237","JX683720.1","312",4,48,2,28663,0,0,14,0,28717
"238","JX683720.1","313",28253,4,67,12,0,0,14,0,28336
"239","JX683720.1","314",15,45,2,27851,0,0,4,0,27913
"240","JX683720.1","315",59,1,26910,7,0,0,4,0,26977
"241","JX683720.1","316",26487,12,89,27,0,0,4,0,26615
"242","JX683720.1","317",47,0,25715,1,0,0,4,0,25763
"243","JX683720.1","318",25369,2,82,19,0,0,4,0,25472
"244","JX683720.1","319",4,52,5,25194,0,0,4,0,25255
"245","JX683720.1","320",21,1,24690,7,0,0,4,0,24719
"246","JX683720.1","321",6,24436,1,37,0,0,6,0,24480
"247","JX683720.1","322",24344,4,49,7,0,0,4,0,24404
"248","JX683720.1","323",24120,3,54,6,0,0,3,0,24183
"249","JX683720.1","324",5,29,0,23800,0,0,1,0,23834
"250","JX683720.1","325",23709,4,30,4,0,0,6,0,23747
"251","JX683720.1","326",23550,0,35,0,0,0,1,0,23585
"252","JX683720.1","327",23383,2,68,13,0,0,0,0,23466
"253","JX683720.1","328",23140,1,71,9,0,0,0,0,23221
"254","JX683720.1","329",20,0,21942,4,0,0,0,0,21966
"255","JX683720.1","330",4,46,0,21597,0,0,0,0,21647
"256","JX683720.1","331",85,2,20406,9,0,0,0,0,20502
"257","JX683720.1","332",20058,4,38,25,0,0,0,0,20125
"258","JX683720.1","333",14,2,19075,3,0,0,0,0,19094
"259","JX683720.1","334",18877,0,37,11,0,0,0,0,18925
"260","JX683720.1","335",0,18466,1,19,0,0,0,0,18486
"261","JX683720.1","336",18295,3,55,9,0,0,0,0,18362
"262","JX683720.1","337",8,4,17178,5,0,0,0,0,17195
"263","JX683720.1","338",16764,4,42,4,0,0,0,0,16814
"264","JX683720.1","339",5,19,0,16257,0,0,0,0,16281
"265","JX683720.1","340",16174,1,24,4,0,0,2,0,16203
"266","JX683720.1","341",16071,2,31,8,0,0,0,0,16112
"267","JX683720.1","342",15870,0,22,4,0,0,0,0,15896
"268","JX683720.1","343",5,16,0,15292,0,0,0,0,15313
"269","JX683720.1","344",117,2,14877,5,0,0,4,0,15001
"270","JX683720.1","345",145,4,14349,12,0,0,0,0,14510
"271","JX683720.1","346",18,0,13851,6,0,0,0,0,13875
"272","JX683720.1","347",22,2,12921,6,0,0,0,0,12951
"273","JX683720.1","348",12096,1,11,1,0,0,0,0,12109
"274","JX683720.1","349",0,16,1,11859,0,0,0,0,11876
"275","JX683720.1","350",3,11,0,11586,0,0,0,0,11600
"276","JX683720.1","351",16,2,11009,0,0,0,2,0,11027
"277","JX683720.1","352",10873,1,13,7,0,0,0,0,10894
"278","JX683720.1","353",0,10741,2,6,0,0,0,0,10749
"279","JX683720.1","354",10703,0,11,7,0,0,1,0,10721
"280","JX683720.1","355",10682,2,14,1,0,0,0,0,10699
"281","JX683720.1","356",10608,1,13,3,0,0,0,0,10625
"282","JX683720.1","357",10436,0,16,2,0,0,0,0,10454
"283","JX683720.1","358",3,19,0,9442,0,0,0,0,9464
"284","JX683720.1","359",1,9019,2,6,0,0,0,0,9028
"285","JX683720.1","360",8757,0,12,3,0,0,0,0,8772
"286","JX683720.1","361",7,28,1,8267,0,0,0,0,8303
"287","JX683720.1","362",3,8043,0,13,0,0,1,0,8059
"288","JX683720.1","363",7998,0,4,3,0,0,0,0,8005
"289","JX683720.1","364",7788,1,7,0,0,0,0,0,7796
"290","JX683720.1","365",0,7223,0,1,0,0,0,0,7224
"291","JX683720.1","366",7066,3,5,0,0,0,0,0,7074
"292","JX683720.1","367",6652,0,2,1,0,0,0,0,6655
"293","JX683720.1","368",2,87,0,2135,0,0,0,0,2224
"294","JX683720.1","369",2081,0,0,0,0,0,0,0,2081
"295","JX683720.1","370",1900,0,0,0,0,0,0,0,1900
"296","JX683720.1","371",0,1524,0,0,0,0,0,0,1524
"297","JX683720.1","372",1490,0,0,0,0,0,0,0,1490
"298","JX683720.1","373",1328,0,87,0,0,0,0,0,1415
"299","JX683720.1","374",0,458,0,0,0,0,0,0,458
"300","JX683720.1","375",312,0,0,0,0,0,0,0,312
"301","JX683720.1","376",12,76,0,1,0,0,0,0,89
"302","JX683720.1","377",0,85,0,0,0,0,0,0,85
"303","JX683720.1","378",85,0,0,0,0,0,0,0,85
"304","JX683720.1","379",76,0,0,0,0,0,0,0,76
"305","JX683720.1","380",0,76,0,0,0,0,0,0,76
"306","JX683720.1","381",76,0,0,0,0,0,0,0,76
"307","JX683720.1","382",76,0,0,0,0,0,0,0,76
"308","JX683720.1","383",0,76,0,0,0,0,0,0,76
"309","JX683720.1","384",76,0,0,0,0,0,0,0,76
"310","JX683720.1","385",0,76,0,0,0,0,0,0,76
"311","JX683720.1","386",0,76,0,0,0,0,0,0,76
"312","JX683720.1","387",76,0,0,0,0,0,0,0,76
"313","JX683720.1","388",75,0,0,0,0,0,0,0,75
"314","JX683720.1","389",75,0,0,0,0,0,0,0,75
"315","JX683720.1","390",0,0,0,75,0,0,0,0,75
"316","JX683720.1","391",75,0,0,0,0,0,0,0,75
"317","JX683720.1","392",0,75,0,0,0,0,0,0,75
"318","JX683720.1","393",75,0,0,0,0,0,0,0,75
"319","JX683720.1","394",66,0,9,0,0,0,0,0,75
"320","JX683720.1","395",0,75,0,0,0,0,0,0,75
"321","JX683720.1","396",75,0,0,0,0,0,0,0,75
"322","JX683720.1","397",0,0,0,75,0,0,0,0,75
"323","JX683720.1","398",0,74,0,1,0,0,0,0,75
"324","JX683720.1","399",75,0,0,0,0,0,0,0,75
"325","JX683720.1","400",75,0,0,0,0,0,0,0,75
"326","JX683720.1","401",0,75,0,0,0,0,0,0,75
"327","JX683720.1","402",75,0,0,0,0,0,0,0,75
"328","JX683720.1","403",75,0,1,0,0,0,0,0,76
"329","JX683720.1","404",75,2,0,0,0,0,0,0,77
"330","JX683720.1","405",109,0,0,0,0,0,0,0,109
"331","JX683720.1","406",109,0,0,0,0,0,0,0,109
"332","JX683720.1","407",0,0,0,110,0,0,0,0,110
"333","JX683720.1","408",109,0,0,1,0,0,0,0,110
"334","JX683720.1","409",0,0,110,0,0,0,0,0,110
"335","JX683720.1","410",110,0,0,0,0,0,0,0,110
"336","JX683720.1","411",0,110,0,0,0,0,0,0,110
"337","JX683720.1","412",110,0,1,0,0,0,0,0,111
"338","JX683720.1","413",0,0,0,111,0,0,0,0,111
"339","JX683720.1","414",0,0,111,0,0,0,0,0,111
"340","JX683720.1","415",0,0,112,0,0,0,0,0,112
"341","JX683720.1","416",0,0,0,112,0,0,0,0,112
"342","JX683720.1","417",0,111,0,1,0,0,0,0,112
"343","JX683720.1","418",112,0,0,0,0,0,0,0,112
"344","JX683720.1","419",110,0,2,0,0,0,0,0,112
"345","JX683720.1","420",0,0,0,112,0,0,0,0,112
"346","JX683720.1","421",0,0,112,0,0,0,0,0,112
"347","JX683720.1","422",111,0,1,0,0,0,0,0,112
"348","JX683720.1","423",0,0,112,0,0,0,0,0,112
"349","JX683720.1","424",113,0,0,0,0,0,0,0,113
"350","JX683720.1","425",0,111,0,0,0,0,0,0,111
"351","JX683720.1","426",0,0,0,111,0,0,0,0,111
"352","JX683720.1","427",111,0,0,0,0,0,0,0,111
"353","JX683720.1","428",0,0,111,0,0,0,0,0,111
"354","JX683720.1","429",0,0,0,110,0,0,0,0,110
"355","JX683720.1","430",0,0,0,108,0,0,0,0,108
"356","JX683720.1","431",0,107,0,0,0,0,0,0,107
"357","JX683720.1","432",0,0,0,106,0,0,0,0,106
"358","JX683720.1","433",0,0,0,106,0,0,0,0,106
"359","JX683720.1","434",0,0,106,0,0,0,0,0,106
"360","JX683720.1","435",0,0,0,106,0,0,0,0,106
"361","JX683720.1","436",106,0,0,0,0,0,0,0,106
"362","JX683720.1","437",0,0,0,106,0,0,0,0,106
"363","JX683720.1","438",105,0,0,0,0,0,0,0,105
"364","JX683720.1","439",0,0,98,0,0,0,0,0,98
"365","JX683720.1","440",0,0,0,96,0,0,0,0,96
"366","JX683720.1","441",0,95,0,1,0,0,0,0,96
"367","JX683720.1","442",0,96,0,0,0,0,0,0,96
"368","JX683720.1","443",96,0,0,0,0,0,0,0,96
"369","JX683720.1","444",0,1,0,95,0,0,0,0,96
"370","JX683720.1","445",0,0,96,0,0,0,0,0,96
"371","JX683720.1","446",96,0,0,0,0,0,0,0,96
"372","JX683720.1","447",0,0,0,96,0,0,0,0,96
"373","JX683720.1","448",96,0,0,0,0,0,0,0,96
"374","JX683720.1","449",96,0,0,0,0,0,0,0,96
"375","JX683720.1","450",0,0,0,96,0,0,0,0,96
"376","JX683720.1","451",0,0,0,95,0,0,0,0,95
"377","JX683720.1","452",0,0,95,0,0,0,0,0,95
"378","JX683720.1","453",0,95,0,0,0,0,0,0,95
"379","JX683720.1","454",95,0,0,0,0,0,0,0,95
"380","JX683720.1","455",0,94,0,0,0,0,0,0,94
"381","JX683720.1","456",93,0,0,0,0,0,0,0,93
"382","JX683720.1","457",0,0,41,0,0,0,0,0,41
"383","JX683720.1","458",0,0,41,0,0,0,0,0,41
"384","JX683720.1","459",0,41,0,0,0,0,0,0,41
"385","JX683720.1","460",0,0,0,41,0,0,0,0,41
"386","JX683720.1","461",0,0,0,41,0,0,0,0,41
"387","JX683720.1","462",0,0,41,0,0,0,0,0,41
"388","JX683720.1","463",0,0,41,0,0,0,0,0,41
"389","JX683720.1","464",41,0,0,0,0,0,0,0,41
"390","JX683720.1","465",54,0,0,0,0,0,0,0,54
"391","JX683720.1","466",0,54,0,0,0,0,0,0,54
"392","JX683720.1","467",54,0,0,0,0,0,0,0,54
"393","JX683720.1","468",54,0,0,0,0,0,0,0,54
"394","JX683720.1","469",0,0,54,0,0,0,0,0,54
"395","JX683720.1","470",54,0,0,0,0,0,0,0,54
"396","JX683720.1","471",0,0,54,0,0,0,0,0,54
"397","JX683720.1","472",0,54,0,0,0,0,0,0,54
"398","JX683720.1","473",53,0,1,0,0,0,0,0,54
"399","JX683720.1","474",54,0,0,0,0,0,0,0,54
"400","JX683720.1","475",53,0,1,0,0,0,0,0,54
"401","JX683720.1","476",0,0,0,54,0,0,0,0,54
"402","JX683720.1","477",0,0,54,0,0,0,0,0,54
"403","JX683720.1","478",54,0,0,0,0,0,0,0,54
"404","JX683720.1","479",0,0,0,53,0,0,0,0,53
"405","JX683720.1","480",53,0,0,0,0,0,0,0,53
"406","JX683720.1","481",0,0,53,0,0,0,0,0,53
"407","JX683720.1","482",0,0,53,0,0,0,0,0,53
"408","JX683720.1","483",0,52,0,0,0,0,0,0,52
"409","JX683720.1","484",0,0,0,52,0,0,0,0,52
"410","JX683720.1","485",0,0,52,0,0,0,0,0,52
"411","JX683720.1","486",0,0,0,52,0,0,0,0,52
"412","JX683720.1","487",53,0,0,0,0,0,0,0,53
"413","JX683720.1","488",53,0,0,0,0,0,0,0,53
"414","JX683720.1","489",53,0,0,0,0,0,0,0,53
"415","JX683720.1","490",0,0,0,53,0,0,0,0,53
"416","JX683720.1","491",0,3,0,48,0,0,0,0,51
"417","JX683720.1","492",0,51,0,0,0,0,0,0,51
"418","JX683720.1","493",51,0,0,0,0,0,0,0,51
"419","JX683720.1","494",50,0,0,0,0,0,0,0,50
"420","JX683720.1","495",0,49,0,0,0,0,0,0,49
"421","JX683720.1","496",49,0,0,0,0,0,0,0,49
"422","JX683720.1","497",0,0,0,39,0,0,0,0,39
"423","JX683720.1","498",0,0,39,0,0,0,0,0,39
"424","JX683720.1","499",39,0,0,0,0,0,0,0,39
"425","JX683720.1","500",0,39,0,0,0,0,0,0,39
"426","JX683720.1","501",39,0,0,0,0,0,0,0,39
"427","JX683720.1","502",0,0,27,0,0,0,0,0,27
"428","JX683720.1","503",0,0,24,0,0,0,0,0,24
"429","JX683720.1","504",0,0,22,0,0,0,0,0,22
"430","JX683720.1","505",0,0,0,22,0,0,0,0,22
"431","JX683720.1","506",0,0,0,41,0,0,0,0,41
"432","JX683720.1","507",41,0,0,0,0,0,0,0,41
"433","JX683720.1","508",41,0,0,0,0,0,0,0,41
"434","JX683720.1","509",41,0,0,0,0,0,0,0,41
"435","JX683720.1","510",41,0,0,0,0,0,0,0,41
"436","JX683720.1","511",43,0,0,0,0,0,0,0,43
"437","JX683720.1","512",0,0,43,0,0,0,0,0,43
"438","JX683720.1","513",43,0,0,0,0,0,0,0,43
"439","JX683720.1","514",0,0,44,0,0,0,0,0,44
"440","JX683720.1","515",44,0,0,0,0,0,0,0,44
"441","JX683720.1","516",0,45,0,0,0,0,0,0,45
"442","JX683720.1","517",44,0,0,0,0,0,0,0,44
"443","JX683720.1","518",44,0,0,0,0,0,0,0,44
"444","JX683720.1","519",0,0,46,0,0,0,0,0,46
"445","JX683720.1","520",46,0,0,0,0,0,0,0,46
"446","JX683720.1","521",0,59,0,0,0,0,0,0,59
"447","JX683720.1","522",91,0,0,0,0,0,0,0,91
"448","JX683720.1","523",91,0,0,0,0,0,0,0,91
"449","JX683720.1","524",94,0,0,0,0,0,0,0,94
"450","JX683720.1","525",0,0,99,0,0,0,0,0,99
"451","JX683720.1","526",1,0,108,0,0,0,0,0,109
"452","JX683720.1","527",114,0,1,0,0,0,0,0,115
"453","JX683720.1","528",1,0,120,0,0,0,0,0,121
"454","JX683720.1","529",0,0,0,131,0,0,0,0,131
"455","JX683720.1","530",162,0,0,0,0,0,0,0,162
"456","JX683720.1","531",0,177,0,0,0,0,0,0,177
"457","JX683720.1","532",210,0,0,0,0,0,0,0,210
"458","JX683720.1","533",247,0,1,0,0,0,0,0,248
"459","JX683720.1","534",0,0,0,296,0,0,0,0,296
"460","JX683720.1","535",0,0,336,0,0,0,0,0,336
"461","JX683720.1","536",377,0,0,0,0,0,0,0,377
"462","JX683720.1","537",422,0,0,0,0,0,0,0,422
"463","JX683720.1","538",437,0,1,0,0,0,0,0,438
"464","JX683720.1","539",0,473,0,0,0,0,0,0,473
"465","JX683720.1","540",0,0,0,600,0,0,0,0,600
"466","JX683720.1","541",0,0,0,734,0,0,0,0,734
"467","JX683720.1","542",1,0,815,0,0,0,0,0,816
"468","JX683720.1","543",1,0,913,0,0,0,0,0,914
"469","JX683720.1","544",0,0,0,1005,0,0,0,0,1005
"470","JX683720.1","545",1144,0,1,0,0,0,0,0,1145
"471","JX683720.1","546",0,1197,0,2,0,0,0,0,1199
"472","JX683720.1","547",1,3,0,1431,0,0,0,0,1435
"473","JX683720.1","548",0,1685,0,4,0,0,0,0,1689
"474","JX683720.1","549",0,4,0,2069,0,0,0,0,2073
"475","JX683720.1","550",2385,0,2,0,0,0,0,0,2387
"476","JX683720.1","551",0,2459,0,3,0,0,0,0,2462
"477","JX683720.1","552",2813,0,1,1,0,0,0,0,2815
"478","JX683720.1","553",1,2,3111,1,0,0,0,0,3115
"479","JX683720.1","554",3418,0,8,0,0,0,0,0,3426
"480","JX683720.1","555",0,4,1,4064,0,0,0,0,4069
"481","JX683720.1","556",0,10,2,5020,0,0,0,0,5032
"482","JX683720.1","557",3,4,0,6181,0,0,0,0,6188
"483","JX683720.1","558",12,0,6551,0,0,0,0,0,6563
"484","JX683720.1","559",3,0,7082,0,0,0,0,0,7085
"485","JX683720.1","560",1,13,2,7202,0,0,1,0,7218
"486","JX683720.1","561",4,14,3,7734,0,0,0,0,7755
"487","JX683720.1","562",0,8,1,8267,0,0,1,0,8276
"488","JX683720.1","563",17,0,8601,3,0,0,1,0,8621
"489","JX683720.1","564",0,13,3,8835,0,0,0,0,8851
"490","JX683720.1","565",9,0,9241,2,0,0,1,0,9252
"491","JX683720.1","566",9767,0,25,5,0,0,0,0,9797
"492","JX683720.1","567",9950,1,24,4,0,0,0,0,9979
"493","JX683720.1","568",0,10014,1,9,0,0,0,0,10024
"494","JX683720.1","569",10767,0,15,4,0,0,0,0,10786
"495","JX683720.1","570",10926,3,11,7,0,0,0,0,10947
"496","JX683720.1","571",47,0,10989,3,0,0,0,0,11039
"497","JX683720.1","572",12,1,11200,6,0,0,0,0,11219
"498","JX683720.1","573",22,2,11591,4,0,0,0,0,11619
"499","JX683720.1","574",11917,1,21,8,0,0,1,0,11947
"500","JX683720.1","575",12072,1,37,6,0,0,1,0,12116
"501","JX683720.1","576",6,18,1,12215,0,0,1,0,12240
"502","JX683720.1","577",12568,2,24,6,0,0,0,0,12600
"503","JX683720.1","578",21,0,12814,3,0,0,0,0,12838
"504","JX683720.1","579",3,13326,0,17,0,0,0,0,13346
"505","JX683720.1","580",14604,2,23,5,0,0,0,0,14634
"506","JX683720.1","581",4,14767,0,6,0,0,0,0,14777
"507","JX683720.1","582",3,24,3,15806,0,0,0,0,15836
"508","JX683720.1","583",52,0,16216,11,0,0,3,0,16279
"509","JX683720.1","584",16610,3,49,9,0,0,0,0,16671
"510","JX683720.1","585",2,29,0,17045,0,0,1,0,17076
"511","JX683720.1","586",17700,5,27,6,0,0,2,0,17738
"512","JX683720.1","587",17937,2,48,5,0,0,3,0,17992
"513","JX683720.1","588",9,31,0,18130,0,0,4,0,18170
"514","JX683720.1","589",66,1,18507,4,0,0,5,0,18578
"515","JX683720.1","590",18883,2,48,7,0,0,2,0,18940
"516","JX683720.1","591",19051,0,54,2,0,0,2,0,19107
"517","JX683720.1","592",19241,1,39,9,0,0,2,0,19290
"518","JX683720.1","593",17,2,19450,5,0,0,2,0,19474
"519","JX683720.1","594",3,20,0,19653,0,0,2,0,19676
"520","JX683720.1","595",19993,3,32,1,0,0,7,0,20029
"521","JX683720.1","596",28,0,20464,4,0,0,3,0,20496
"522","JX683720.1","597",20761,0,64,11,0,0,2,0,20836
"523","JX683720.1","598",2,35,1,21372,0,0,2,0,21410
"524","JX683720.1","599",36,1,21809,3,0,0,2,0,21849
"525","JX683720.1","600",11,56,1,21910,0,0,6,0,21978
"526","JX683720.1","601",3,24,0,22315,0,0,2,0,22342
"527","JX683720.1","602",22553,1,52,7,0,0,7,0,22613
"528","JX683720.1","603",2,22635,4,39,0,0,2,0,22680
"529","JX683720.1","604",22975,3,61,1,0,0,2,0,23040
"530","JX683720.1","605",6,42,7,23106,0,0,2,0,23161
"531","JX683720.1","606",49,1,23358,6,0,0,2,0,23414
"532","JX683720.1","607",23557,4,54,12,0,0,4,0,23627
"533","JX683720.1","608",23720,2,73,3,0,0,2,0,23798
"534","JX683720.1","609",15,32,1,23866,0,0,2,0,23914
"535","JX683720.1","610",5,24315,0,32,0,0,2,0,24352
"536","JX683720.1","611",25044,0,56,19,0,0,2,0,25119
"537","JX683720.1","612",7,25240,4,17,0,0,2,0,25268
"538","JX683720.1","613",14,36,4,25960,0,0,7,0,26014
"539","JX683720.1","614",38,1,26254,14,0,0,7,0,26307
"540","JX683720.1","615",12,58,0,26355,0,0,5,0,26425
"541","JX683720.1","616",26610,4,38,6,0,0,12,0,26658
"542","JX683720.1","617",26689,4,69,20,0,0,2,0,26782
"543","JX683720.1","618",2,26834,1,21,0,0,2,0,26858
"544","JX683720.1","619",27102,2,65,11,0,0,2,0,27180
"545","JX683720.1","620",2,27196,1,13,0,0,2,0,27212
"546","JX683720.1","621",1,78,12,27588,0,0,3,0,27679
"547","JX683720.1","622",9,66,4,27803,0,0,2,0,27882
"548","JX683720.1","623",4,28061,4,24,0,0,1,0,28093
"549","JX683720.1","624",10,45,1,28681,0,0,0,0,28737
"550","JX683720.1","625",29038,0,38,3,0,0,0,0,29079
"551","JX683720.1","626",6,38,5,29189,0,0,1,0,29238
"552","JX683720.1","627",4,42,2,29494,0,0,0,0,29542
"553","JX683720.1","628",29638,5,54,1,0,0,66,0,29698
"554","JX683720.1","629",8,74,0,29804,0,0,54,0,29886
"555","JX683720.1","630",5,30242,1,44,0,0,58,0,30292
"556","JX683720.1","631",4,30964,4,34,0,0,54,0,31006
"557","JX683720.1","632",31563,3,80,3,0,0,16,0,31649
"558","JX683720.1","633",31625,4,83,13,0,0,14,0,31725
"559","JX683720.1","634",33,2,31763,8,0,0,1,0,31806
"560","JX683720.1","635",31791,4,78,14,0,0,0,0,31887
"561","JX683720.1","636",14,3,32287,2,0,0,0,0,32306
"562","JX683720.1","637",6,62,0,32354,0,0,0,0,32422
"563","JX683720.1","638",9,32568,3,17,0,0,0,0,32597
"564","JX683720.1","639",15,92,4,33072,0,0,4,0,33183
"565","JX683720.1","640",5,75,4,33321,0,0,10,0,33405
"566","JX683720.1","641",50,1,33485,2,0,0,12,0,33538
"567","JX683720.1","642",16,118,6,33451,0,0,5,0,33591
"568","JX683720.1","643",35,4,33613,8,0,0,7,0,33660
"569","JX683720.1","644",33668,2,75,21,0,0,6,0,33766
"570","JX683720.1","645",0,33797,1,48,0,0,6,0,33846
"571","JX683720.1","646",33888,3,84,11,0,0,8,0,33986
"572","JX683720.1","647",33988,1,80,16,0,0,5,0,34085
"573","JX683720.1","648",61,0,34090,4,0,0,5,0,34155
"574","JX683720.1","649",14,34178,2,26,0,0,5,0,34220
"575","JX683720.1","650",34398,1,58,6,0,0,5,0,34463
"576","JX683720.1","651",8,58,0,34476,0,0,8,0,34542
"577","JX683720.1","652",7,41,1,34592,0,0,4,0,34641
"578","JX683720.1","653",34678,1,46,11,0,0,6,0,34736
"579","JX683720.1","654",3,71,2,34861,0,0,8,0,34937
"580","JX683720.1","655",6,96,1,34945,0,0,4,0,35048
"581","JX683720.1","656",792,15,34269,11,0,0,28,0,35087
"582","JX683720.1","657",46,15,35095,20,0,0,6,0,35176
"583","JX683720.1","658",48,15,35213,16,0,0,4,0,35292
"584","JX683720.1","659",35171,1,107,16,0,0,12,0,35295
"585","JX683720.1","660",4,52,2,35365,0,0,12,0,35423
"586","JX683720.1","661",35419,1,89,13,0,0,4,0,35522
"587","JX683720.1","662",7,35506,0,19,0,0,4,0,35532
"588","JX683720.1","663",25,49,6,35530,0,0,4,0,35610
"589","JX683720.1","664",35651,1,58,4,0,0,2,0,35714
"590","JX683720.1","665",7,62,2,35667,0,0,6,0,35738
"591","JX683720.1","666",7,68,9,35748,0,0,0,0,35832
"592","JX683720.1","667",35832,6,47,10,0,0,2,0,35895
"593","JX683720.1","668",38,0,35910,13,0,0,0,0,35961
"594","JX683720.1","669",35840,0,94,9,0,0,0,0,35943
"595","JX683720.1","670",8,67,7,35985,0,0,22,0,36067
"596","JX683720.1","671",7,70,2,36073,0,0,0,0,36152
"597","JX683720.1","672",5,53,3,36247,0,0,3,0,36308
"598","JX683720.1","673",36276,21,59,8,0,0,3,0,36364
"599","JX683720.1","674",69,2,36401,16,0,0,3,0,36488
"600","JX683720.1","675",29,2,36492,16,0,0,2,0,36539
"601","JX683720.1","676",5,50,4,36486,0,0,2,0,36545
"602","JX683720.1","677",36552,3,43,7,0,0,2,0,36605
"603","JX683720.1","678",10,86,4,36581,0,0,2,0,36681
"604","JX683720.1","679",13,88,2,36633,0,0,3,0,36736
"605","JX683720.1","680",62,1,36671,2,0,0,4,0,36736
"606","JX683720.1","681",10,107,3,36604,0,0,2,0,36724
"607","JX683720.1","682",57,18,36611,6,0,0,2,0,36692
"608","JX683720.1","683",5,36621,3,36,0,0,3,0,36665
"609","JX683720.1","684",36606,4,113,29,0,0,2,0,36752
"610","JX683720.1","685",10,36722,2,44,0,0,2,0,36778
"611","JX683720.1","686",3,36774,2,29,0,0,3,0,36808
"612","JX683720.1","687",21,115,0,36648,0,0,4,0,36784
"613","JX683720.1","688",10,36589,0,43,0,0,23,0,36642
"614","JX683720.1","689",12,36496,11,31,0,0,7,0,36550
"615","JX683720.1","690",36444,6,93,26,0,0,27,0,36569
"616","JX683720.1","691",21,3,36586,6,0,0,21,0,36616
"617","JX683720.1","692",32,1,36623,4,0,0,2,0,36660
"618","JX683720.1","693",12,79,3,36588,0,0,14,0,36682
"619","JX683720.1","694",11,40,0,36656,0,0,2,0,36707
"620","JX683720.1","695",36609,3,77,6,0,0,5,0,36695
"621","JX683720.1","696",18,84,0,36610,0,0,10,0,36712
"622","JX683720.1","697",27,0,36636,3,0,0,10,0,36666
"623","JX683720.1","698",4,36594,0,41,0,0,10,0,36639
"624","JX683720.1","699",12,64,9,36498,0,0,34,0,36583
"625","JX683720.1","700",15,102,6,36544,0,0,23,0,36667
"626","JX683720.1","701",6,72,3,36606,0,0,2,0,36687
"627","JX683720.1","702",46,0,36636,5,0,0,2,0,36687
"628","JX683720.1","703",6,36643,7,24,0,0,2,0,36680
"629","JX683720.1","704",13,66,4,36643,0,0,11,0,36726
"630","JX683720.1","705",7,57,2,36791,0,0,2,0,36857
"631","JX683720.1","706",36785,25,63,18,0,0,13,0,36891
"632","JX683720.1","707",27,7,36857,8,0,0,2,0,36899
"633","JX683720.1","708",36759,3,101,11,0,0,2,0,36874
"634","JX683720.1","709",17,87,3,36790,0,0,0,0,36897
"635","JX683720.1","710",50,1,36842,10,0,0,0,0,36903
"636","JX683720.1","711",14,66,5,36806,0,0,0,0,36891
"637","JX683720.1","712",36813,2,66,6,0,0,22,0,36887
"638","JX683720.1","713",36800,7,78,21,0,0,0,0,36906
"639","JX683720.1","714",10,76,6,36818,0,0,5,0,36910
"640","JX683720.1","715",73,2,36821,15,0,0,8,0,36911
"641","JX683720.1","716",36785,3,79,17,0,0,11,0,36884
"642","JX683720.1","717",1,36817,0,35,0,0,11,0,36853
"643","JX683720.1","718",36727,1,130,12,0,0,11,0,36870
"644","JX683720.1","719",3,36818,1,39,0,0,10,0,36861
"645","JX683720.1","720",36689,4,111,11,0,0,28,0,36815
"646","JX683720.1","721",36654,6,108,16,0,0,21,0,36784
"647","JX683720.1","722",36785,0,66,7,0,0,10,0,36858
"648","JX683720.1","723",12,63,1,36863,0,0,13,0,36939
"649","JX683720.1","724",7,40,4,36836,0,0,13,0,36887
"650","JX683720.1","725",36861,1,65,10,0,0,10,0,36937
"651","JX683720.1","726",7,91,3,36852,0,0,10,0,36953
"652","JX683720.1","727",12,63,1,36867,0,0,8,0,36943
"653","JX683720.1","728",16,36865,11,58,0,0,17,0,36950
"654","JX683720.1","729",36877,4,92,10,0,0,11,0,36983
"655","JX683720.1","730",21,2,37095,7,0,0,9,0,37125
"656","JX683720.1","731",50,1,37060,7,0,0,8,0,37118
"657","JX683720.1","732",7,37063,7,17,0,0,9,0,37094
"658","JX683720.1","733",10,79,2,36998,0,0,29,0,37089
"659","JX683720.1","734",12,87,1,37014,0,0,10,0,37114
"660","JX683720.1","735",5,41,5,37073,0,0,8,0,37124
"661","JX683720.1","736",37032,4,60,13,0,0,8,0,37109
"662","JX683720.1","737",13,99,2,36977,0,0,8,0,37091
"663","JX683720.1","738",25,5,36970,12,0,0,8,0,37012
"664","JX683720.1","739",14,36741,3,33,0,0,8,0,36791
"665","JX683720.1","740",3,36828,0,33,0,0,10,0,36864
"666","JX683720.1","741",9,69,7,36831,0,0,4,0,36916
"667","JX683720.1","742",36810,16,46,13,0,0,34,0,36885
"668","JX683720.1","743",36797,2,73,14,0,0,6,0,36886
"669","JX683720.1","744",36830,3,71,6,0,0,0,0,36910
"670","JX683720.1","745",9,73,4,36857,0,0,0,0,36943
"671","JX683720.1","746",49,3,36862,5,0,0,0,0,36919
"672","JX683720.1","747",6,127,5,36728,0,0,1,0,36866
"673","JX683720.1","748",8,120,5,36683,0,0,2,0,36816
"674","JX683720.1","749",4,36754,3,35,0,0,4,0,36796
"675","JX683720.1","750",13,72,5,36690,0,0,5,0,36780
"676","JX683720.1","751",36699,3,70,3,0,0,10,0,36775
"677","JX683720.1","752",36664,4,66,15,0,0,0,0,36749
"678","JX683720.1","753",35,0,36689,9,0,0,5,0,36733
"679","JX683720.1","754",44,0,36641,5,0,0,4,0,36690
"680","JX683720.1","755",7,50,3,36597,0,0,4,0,36657
"681","JX683720.1","756",56,3,36552,12,0,0,25,0,36623
"682","JX683720.1","757",39,1,36598,7,0,0,3,0,36645
"683","JX683720.1","758",23,74,7,36518,0,0,3,0,36622
"684","JX683720.1","759",54,5,36436,16,0,0,56,0,36511
"685","JX683720.1","760",35,0,36470,15,0,0,1,0,36520
"686","JX683720.1","761",10,109,5,36364,0,0,0,0,36488
"687","JX683720.1","762",4,36390,0,21,0,0,0,0,36415
"688","JX683720.1","763",16,86,3,36275,0,0,0,0,36380
"689","JX683720.1","764",9,36261,0,42,0,0,0,0,36312
"690","JX683720.1","765",17,105,3,36278,0,0,1,0,36403
"691","JX683720.1","766",25,75,6,36306,0,0,1,0,36412
"692","JX683720.1","767",3,36338,1,53,0,0,0,0,36395
"693","JX683720.1","768",36247,1,70,16,0,0,0,0,36334
"694","JX683720.1","769",7,85,1,36190,0,0,0,0,36283
"695","JX683720.1","770",38,5,36047,14,0,0,0,0,36104
"696","JX683720.1","771",24,34905,11,212,0,0,1,0,35152
"697","JX683720.1","772",34704,121,109,7,0,0,10,0,34941
"698","JX683720.1","773",2,34672,0,65,0,0,62,0,34739
"699","JX683720.1","774",34522,4,81,11,0,0,128,0,34618
"700","JX683720.1","775",34377,12,102,10,0,0,11,0,34501
"701","JX683720.1","776",40,13,34230,16,0,0,22,0,34299
"702","JX683720.1","777",35,8,33881,9,0,0,6,0,33933
"703","JX683720.1","778",33758,3,85,8,0,0,8,0,33854
"704","JX683720.1","779",12,67,1,33646,0,0,35,0,33726
"705","JX683720.1","780",28,2,33540,10,0,0,14,0,33580
"706","JX683720.1","781",33445,4,54,14,0,0,4,0,33517
"707","JX683720.1","782",10,48,10,33355,0,0,4,0,33423
"708","JX683720.1","783",44,5,33180,16,0,0,21,0,33245
"709","JX683720.1","784",45,6,33071,9,0,0,3,0,33131
"710","JX683720.1","785",32822,2,72,25,0,0,3,0,32921
"711","JX683720.1","786",38,2,32794,6,0,0,22,0,32840
"712","JX683720.1","787",32690,6,84,13,0,0,2,0,32793
"713","JX683720.1","788",2,32573,3,25,0,0,14,0,32603
"714","JX683720.1","789",32454,6,83,15,0,0,0,0,32558
"715","JX683720.1","790",3,32046,2,49,0,0,8,0,32100
"716","JX683720.1","791",31820,5,99,14,0,0,9,0,31938
"717","JX683720.1","792",25,2,31753,14,0,0,10,0,31794
"718","JX683720.1","793",31677,4,66,8,0,0,0,0,31755
"719","JX683720.1","794",9,31576,4,44,0,0,0,0,31633
"720","JX683720.1","795",19,51,1,29740,0,0,0,0,29811
"721","JX683720.1","796",0,0,0,77,0,0,0,0,77
"722","JX683720.1","797",1,0,0,0,0,0,0,0,1
